Target, ra[rad], dec[rad], ra[h:m:s], dec[d:m:s], ObservationTimeAtGaia[UTC], CcdRow[1-7], zetaFieldAngle[rad], scanAngle[rad], Fov[FovP=preceding/FovF=following], parallaxFactorAlongScan, parallaxFactorAcrossScan, ObservationTimeAtBarycentre[BarycentricJulianDateInTCB]
V1674 Her,4.963351327911822,0.2948617415379178,18:57:30.980,+16:53:39.600,2014-09-21T05:40:00.511,5,-0.0034661683933773363,-0.6509606209847321,FoVP,0.6677124544351013,0.7165103539209947,2456921.7386675123
V1674 Her,4.963351327911822,0.2948617415379178,18:57:30.980,+16:53:39.600,2014-09-21T07:26:34.723,4,0.0017797899143408996,-0.6500029039020581,FoVF,0.6665624854603961,0.7178979702610371,2456921.812669171
V1674 Her,4.963351327911822,0.2948617415379178,18:57:30.980,+16:53:39.600,2014-10-26T20:48:16.171,2,0.0018033667542244872,-1.0640231896683388,FoVP,0.6814302741510981,0.7101453875657472,2456957.3666718686
V1674 Her,4.963351327911822,0.2948617415379178,18:57:30.980,+16:53:39.600,2014-10-26T22:34:50.412,1,0.006808427464160107,-1.0661495905371368,FoVF,0.6821951283519507,0.7091172891493855,2456957.440673725
V1674 Her,4.963351327911822,0.2948617415379178,18:57:30.980,+16:53:39.600,2014-12-10T10:10:17.028,2,0.00531086024718337,-0.6386117139424955,FoVF,-0.23448971259394066,0.7002541430764576,2457001.920951192
V1674 Her,4.963351327911822,0.2948617415379178,18:57:30.980,+16:53:39.600,2014-12-10T14:23:57.245,1,0.003523027039733575,-0.6516766229189621,FoVP,-0.227503020534133,0.7014007452029404,2457002.097104335
V1674 Her,4.963351327911822,0.2948617415379178,18:57:30.980,+16:53:39.600,2014-12-10T16:10:31.515,3,0.002804341395874395,-0.6571699067223143,FoVF,-0.22456712494769204,0.7018627498423072,2457002.1711092414
V1674 Her,4.963351327911822,0.2948617415379178,18:57:30.980,+16:53:39.600,2014-12-10T20:24:11.623,3,0.001170276203259353,-0.6702555530047776,FoVP,-0.2175779549676636,0.7029154618090239,2457002.347261176
V1674 Her,4.963351327911822,0.2948617415379178,18:57:30.980,+16:53:39.600,2014-12-10T22:10:45.849,4,5.157839542622068E-4,-0.6757571295719985,FoVF,-0.21464150435237075,0.7033379612541066,2457002.421265597
V1674 Her,4.963351327911822,0.2948617415379178,18:57:30.980,+16:53:39.600,2014-12-11T02:24:25.858,4,-9.664568263630469E-4,-0.6888615326886971,FoVP,-0.2076521791732247,0.704296527917488,2457002.597416431
V1674 Her,4.963351327911822,0.2948617415379178,18:57:30.980,+16:53:39.600,2014-12-11T04:11:00.043,6,-0.0015575753111092495,-0.6943705817845253,FoVF,-0.20471615562748968,0.7046794381558645,2457002.6714204135
V1674 Her,4.963351327911822,0.2948617415379178,18:57:30.980,+16:53:39.600,2014-12-11T08:24:39.962,5,-0.002889949374179901,-0.7074918176070254,FoVP,-0.1977290249345155,0.705543713877732,2457002.847570257
V1674 Her,4.963351327911822,0.2948617415379178,18:57:30.980,+16:53:39.600,2014-12-11T10:11:14.112,7,-0.0034185191967622147,-0.7130075427993667,FoVF,-0.19479441972873326,0.7058869962766253,2457002.9215738457
V1674 Her,4.963351327911822,0.2948617415379178,18:57:30.980,+16:53:39.600,2014-12-11T14:24:53.950,6,-0.004602996207622134,-0.7261437441557327,FoVP,-0.18781185000478715,0.7066569418946098,2457003.0977228065
V1674 Her,4.963351327911822,0.2948617415379178,18:57:30.980,+16:53:39.600,2014-12-11T20:25:07.833,7,-0.006108406579840585,-0.7448147302885348,FoVP,-0.17790402409596046,0.7076362815260149,2457003.347874233
V1674 Her,4.963351327911822,0.2948617415379178,18:57:30.980,+16:53:39.600,2014-12-15T08:28:18.421,7,-0.0069663720315958615,-1.0069620257699694,FoVP,-0.04198737284401648,0.7076350067161569,2457006.8499584016
V1674 Her,4.963351327911822,0.2948617415379178,18:57:30.980,+16:53:39.600,2014-12-15T14:28:32.242,7,-0.005695886671173769,-1.0256657557807152,FoVP,-0.03259629817349299,0.706698827387523,2457007.100110256
V1674 Her,4.963351327911822,0.2948617415379178,18:57:30.980,+16:53:39.600,2014-12-15T20:28:46.150,6,-0.004262516035634009,-1.044358566183645,FoVP,-0.02326102512523026,0.7056456340001688,2457007.350263198
V1674 Her,4.963351327911822,0.2948617415379178,18:57:30.980,+16:53:39.600,2014-12-15T22:15:20.283,7,-0.0038076476802830364,-1.0498862547968373,FoVF,-0.020510336959986386,0.7053118914550048,2457007.4242670024
V1674 Her,4.963351327911822,0.2948617415379178,18:57:30.980,+16:53:39.600,2014-12-16T02:29:00.156,5,-0.0026689246476119294,-1.063039279128432,FoVP,-0.013983582558459957,0.704477179828176,2457007.600417346
V1674 Her,4.963351327911822,0.2948617415379178,18:57:30.980,+16:53:39.600,2014-12-16T04:15:34.319,6,-0.002167164330287664,-1.0685631745064168,FoVF,-0.011250372118716906,0.7041096825791164,2457007.6744215307
V1674 Her,4.963351327911822,0.2948617415379178,18:57:30.980,+16:53:39.600,2014-12-16T08:29:14.269,4,-9.177491256974637E-4,-1.081706794001851,FoVP,-0.004765867118892206,0.7031952664184662,2457007.850572819
V1674 Her,4.963351327911822,0.2948617415379178,18:57:30.980,+16:53:39.600,2014-12-16T10:15:48.466,5,-3.698712393174464E-4,-1.087226585171179,FoVF,-0.002050669928567218,0.7027945559342027,2457007.924577417
V1674 Her,4.963351327911822,0.2948617415379178,18:57:30.980,+16:53:39.600,2014-12-16T14:29:28.500,3,9.88403567009788E-4,-1.1003600861884344,FoVP,0.004390358309451268,0.70180173849409,2457008.1007297295
V1674 Her,4.963351327911822,0.2948617415379178,18:57:30.980,+16:53:39.600,2014-12-16T16:16:02.734,4,0.0015816337302992432,-1.1058754844091254,FoVF,0.007087046640307386,0.701368367983844,2457008.1747347745
V1674 Her,4.963351327911822,0.2948617415379178,18:57:30.980,+16:53:39.600,2014-12-16T20:29:42.858,2,0.0030469578141746807,-1.1189982057514698,FoVP,0.013483466244783842,0.7002984786102621,2457008.350888191
V1674 Her,4.963351327911822,0.2948617415379178,18:57:30.980,+16:53:39.600,2014-12-17T04:16:31.668,1,0.005937048638618177,-1.1431261090320526,FoVF,0.025170310321090746,0.6981904105978325,2457008.675054348
V1674 Her,4.963351327911822,0.2948617415379178,18:57:30.980,+16:53:39.600,2015-02-19T08:28:54.831,2,0.0027564670160846218,-2.123728412611657,FoVP,-0.41383212850371875,0.7025799947036123,2457072.851111064
V1674 Her,4.963351327911822,0.2948617415379178,18:57:30.980,+16:53:39.600,2015-02-19T10:15:29.059,5,-3.66431024385134E-4,-2.128253793637689,FoVF,-0.41175964056435727,0.7043543340724834,2457072.925122191
V1674 Her,4.963351327911822,0.2948617415379178,18:57:30.980,+16:53:39.600,2015-03-14T10:18:14.524,7,-0.004722712134819668,2.571422859983856,FoVF,0.6291098190384802,0.7077839722375944,2457095.928469588
V1674 Her,4.963351327911822,0.2948617415379178,18:57:30.980,+16:53:39.600,2015-04-15T03:57:11.909,3,0.003144635881279928,-2.5640214754695703,FoVF,-0.708579084831484,0.7130074516082346,2457127.666259906
V1674 Her,4.963351327911822,0.2948617415379178,18:57:30.980,+16:53:39.600,2015-05-25T01:14:42.057,7,-0.006898724702136077,1.8712745707538043,FoVP,0.4555805150184513,0.719699434078125,2457167.556128361
V1674 Her,4.963351327911822,0.2948617415379178,18:57:30.980,+16:53:39.600,2015-05-25T03:01:16.336,7,-0.0034287380017253427,1.8751985815096697,FoVF,0.45169304903721974,0.7216260796232206,2457167.6301402207
V1674 Her,4.963351327911822,0.2948617415379178,18:57:30.980,+16:53:39.600,2015-05-25T07:14:56.335,1,0.0046874057018151645,1.8846624027836523,FoVP,0.442336631954699,0.7261841736089015,2457167.806307108
V1674 Her,4.963351327911822,0.2948617415379178,18:57:30.980,+16:53:39.600,2015-06-05T15:08:10.485,2,0.004903684754824762,2.6286390711184127,FoVF,-0.29489449593251243,0.7247429494940806,2457179.1354896934
V1674 Her,4.963351327911822,0.2948617415379178,18:57:30.980,+16:53:39.600,2015-06-05T19:21:50.462,5,-0.0025003839534799384,2.6386133438772355,FoVP,-0.3040125052310979,0.7198309126249766,2457179.3116542967
V1674 Her,4.963351327911822,0.2948617415379178,18:57:30.980,+16:53:39.600,2015-10-07T22:16:36.818,3,1.9269865364583564E-4,0.6981255653352185,FoVP,-0.7149386215671738,0.7150600059249163,2457303.429511509
V1674 Her,4.963351327911822,0.2948617415379178,18:57:30.980,+16:53:39.600,2015-11-06T23:44:24.765,7,-0.004774770900763628,-1.1473531666167327,FoVF,0.6207520722389499,0.7118077207549601,2457333.4882111116
V1674 Her,4.963351327911822,0.2948617415379178,18:57:30.980,+16:53:39.600,2016-03-01T09:39:09.023,1,0.0041462402646390605,-2.1745049868701414,FoVP,-0.5313868822382403,0.704394903114637,2457448.9005150516
V1674 Her,4.963351327911822,0.2948617415379178,18:57:30.980,+16:53:39.600,2016-03-28T11:18:32.633,6,-0.003155118856781136,2.3483744246733935,FoVF,0.6972218067548247,0.7092163594906642,2457475.9714511265
V1674 Her,4.963351327911822,0.2948617415379178,18:57:30.980,+16:53:39.600,2016-04-25T05:04:29.732,1,0.0065155723085502755,-2.709633363812361,FoVF,-0.6757395714163286,0.7153036551048293,2457503.7138194935
V1674 Her,4.963351327911822,0.2948617415379178,18:57:30.980,+16:53:39.600,2016-04-25T09:18:09.749,7,-0.005997051962729586,-2.707891826912783,FoVP,-0.6780930772811641,0.7124028013113888,2457503.8899900895
V1674 Her,4.963351327911822,0.2948617415379178,18:57:30.980,+16:53:39.600,2016-06-08T09:58:09.328,5,-3.017225359750017E-4,1.8648062048035414,FoVF,0.23375389628382218,0.7235304261896077,2457547.9203478512
V1674 Her,4.963351327911822,0.2948617415379178,18:57:30.980,+16:53:39.600,2016-06-08T14:11:49.284,1,0.003399732154490044,1.876652320882019,FoVP,0.222411178901386,0.7260376440545178,2457548.0965115195
V1674 Her,4.963351327911822,0.2948617415379178,18:57:30.980,+16:53:39.600,2016-06-08T15:58:23.422,2,0.004878960435094536,1.8816520698272963,FoVF,0.2176214356489874,0.7270442083711139,2457548.1705205846
V1674 Her,4.963351327911822,0.2948617415379178,18:57:30.980,+16:53:39.600,2016-06-13T10:02:30.782,2,0.004309018120510349,2.212002433899887,FoVF,-0.09817364515866585,0.7259114509418653,2457552.9235525965
V1674 Her,4.963351327911822,0.2948617415379178,18:57:30.980,+16:53:39.600,2016-06-13T14:16:10.696,3,8.032541754371445E-4,2.223893750257022,FoVP,-0.1093002284895953,0.7233711967982067,2457553.099714781
V1674 Her,4.963351327911822,0.2948617415379178,18:57:30.980,+16:53:39.600,2016-06-13T16:02:44.905,5,-7.374399522817878E-4,2.2288689549376963,FoVF,-0.11394608956334681,0.7222561250254985,2457553.1737242406
V1674 Her,4.963351327911822,0.2948617415379178,18:57:30.980,+16:53:39.600,2016-06-13T20:16:25.032,6,-0.004564342801484184,2.2406603897776107,FoVP,-0.12493426271448296,0.7194900245396806,2457553.3498888286
V1674 Her,4.963351327911822,0.2948617415379178,18:57:30.980,+16:53:39.600,2016-08-05T06:30:49.236,6,-0.0050034565602591246,0.6288404130603806,FoVP,0.12791582199298845,0.7224037468456584,2457605.776548552
V1674 Her,4.963351327911822,0.2948617415379178,18:57:30.980,+16:53:39.600,2016-08-05T08:17:23.515,7,-0.003289076237810729,0.6337723053795709,FoVF,0.12330738553524773,0.7236111504133427,2457605.8505539866
V1674 Her,4.963351327911822,0.2948617415379178,18:57:30.980,+16:53:39.600,2016-08-05T12:31:03.588,3,6.335867002668346E-4,0.6455654672123107,FoVP,0.11226471027076312,0.7263743429254255,2457606.02670642
V1674 Her,4.963351327911822,0.2948617415379178,18:57:30.980,+16:53:39.600,2016-08-05T14:17:37.774,3,0.002214535516588571,0.6505420059715253,FoVF,0.10759532035253318,0.7274879993656242,2457606.1007107366
V1674 Her,4.963351327911822,0.2948617415379178,18:57:30.980,+16:53:39.600,2016-08-10T18:35:35.696,1,0.003547989589049062,1.010618232483849,FoVP,-0.2378696145008032,0.7269228428805101,2457611.279665749
V1674 Her,4.963351327911822,0.2948617415379178,18:57:30.980,+16:53:39.600,2016-08-11T00:35:49.880,5,-0.0020634325822400518,1.027382768433248,FoVP,-0.25395828646259255,0.7230225092510477,2457611.5298200725
V1674 Her,4.963351327911822,0.2948617415379178,18:57:30.980,+16:53:39.600,2016-08-11T02:22:24.139,7,-0.003821211110144448,1.0323090450078511,FoVF,-0.25868250695564565,0.721810500283392,2457611.6038247785
V1674 Her,4.963351327911822,0.2948617415379178,18:57:30.980,+16:53:39.600,2016-09-23T17:29:25.464,3,0.0013478447896222755,-0.6938777433633743,FoVP,0.6784466902300474,0.721549693818919,2457655.231095964
V1674 Her,4.963351327911822,0.2948617415379178,18:57:30.980,+16:53:39.600,2016-09-23T19:15:59.664,1,0.006637184046097475,-0.6931576798885916,FoVF,0.6774677978716084,0.7227592257773853,2457655.305097391
V1674 Her,4.963351327911822,0.2948617415379178,18:57:30.980,+16:53:39.600,2016-10-21T11:15:02.824,4,-0.0013957672847293079,0.5316701108779294,FoVP,-0.7016213365551706,0.7121453726383169,2457682.9689747617
V1674 Her,4.963351327911822,0.2948617415379178,18:57:30.980,+16:53:39.600,2016-11-17T05:08:04.055,4,-0.001297260073989847,-1.2202352932261653,FoVP,0.5324177495534383,0.710256979056909,2457709.7122421297
V1674 Her,4.963351327911822,0.2948617415379178,18:57:30.980,+16:53:39.600,2016-11-17T06:54:38.274,3,0.0026195114595669116,-1.2240920426509945,FoVF,0.5341490979530584,0.7084105936387838,2457709.7862447114
V1674 Her,4.963351327911822,0.2948617415379178,18:57:30.980,+16:53:39.600,2017-03-12T18:11:54.157,5,-0.003074886416789561,-2.252041721190637,FoVP,-0.6178507367763484,0.7101600980133371,2457825.2573372684
V1674 Her,4.963351327911822,0.2948617415379178,18:57:30.980,+16:53:39.600,2017-04-12T01:39:28.881,6,-0.0028481860917888937,2.1828004305540194,FoVF,0.7110265875299513,0.711399902852757,2457855.57043985
V1674 Her,4.963351327911822,0.2948617415379178,18:57:30.980,+16:53:39.600,2017-05-06T05:46:29.504,4,-0.0019032251631876179,-2.8802358405035755,FoVP,-0.6184110102232416,0.7154358456143883,2457879.7437560596
V1674 Her,4.963351327911822,0.2948617415379178,18:57:30.980,+16:53:39.600,2017-08-14T08:48:02.766,4,-0.0017827123901914537,0.23737448582243864,FoVP,0.30008683038901274,0.7236783877586332,2457979.8715124433
V1674 Her,4.963351327911822,0.2948617415379178,18:57:30.980,+16:53:39.600,2017-08-14T10:34:36.978,4,0.0013831500103628073,0.24154501536773734,FoVF,0.2962593774716402,0.7257399122454257,2457979.945516351
V1674 Her,4.963351327911822,0.2948617415379178,18:57:30.980,+16:53:39.600,2017-08-25T22:41:21.953,1,0.005543152779512399,0.9979016010173735,FoVF,-0.4545280792256715,0.7234581590681369,2457991.4496395006
V1674 Her,4.963351327911822,0.2948617415379178,18:57:30.980,+16:53:39.600,2017-08-26T02:55:01.925,5,-0.0026816773145124755,1.0073410915848464,FoVP,-0.4638451908198634,0.7187779819948014,2457991.6257869257
V1674 Her,4.963351327911822,0.2948617415379178,18:57:30.980,+16:53:39.600,2017-11-05T07:37:43.168,1,0.004260383669027914,0.31306499813733013,FoVP,-0.6356193633162454,0.7078169853584017,2458062.8169805575
V1674 Her,4.963351327911822,0.2948617415379178,18:57:30.980,+16:53:39.600,2017-11-05T09:24:17.403,5,3.639259807540279E-5,0.3095966068703492,FoVF,-0.6335844960997854,0.7091937329866637,2458062.890982698
V1674 Her,4.963351327911822,0.2948617415379178,18:57:30.980,+16:53:39.600,2017-11-28T03:27:11.978,7,-0.00432220160910582,-1.2651701695870037,FoVF,0.41057678653430757,0.7115432084444177,2458085.6415931173
V1674 Her,4.963351327911822,0.2948617415379178,18:57:30.980,+16:53:39.600,2017-11-28T07:40:51.974,2,0.0030605496244366583,-1.2760390279596796,FoVP,0.4156384756862092,0.707268147898628,2458085.8177413456
V1674 Her,4.963351327911822,0.2948617415379178,18:57:30.980,+16:53:39.600,2017-11-28T09:27:26.257,1,0.0061788655544098075,-1.280594280004011,FoVF,0.41774971901581226,0.7054669141418323,2458085.8917454104
V1674 Her,4.963351327911822,0.2948617415379178,18:57:30.980,+16:53:39.600,2018-01-31T03:25:53.663,1,0.006581392495250783,-2.234373280747114,FoVF,-0.031671245738331105,0.6989719989618176,2458149.639903115
V1674 Her,4.963351327911822,0.2948617415379178,18:57:30.980,+16:53:39.600,2018-01-31T07:39:33.937,1,0.004788931275141089,-2.2474267276097484,FoVP,-0.025389860098292222,0.7001793501896789,2458149.8160690647
V1674 Her,4.963351327911822,0.2948617415379178,18:57:30.980,+16:53:39.600,2018-01-31T09:26:08.230,2,0.004057325513148752,-2.252913379982755,FoVF,-0.02274112631954539,0.7006712375543827,2458149.8900793493
V1674 Her,4.963351327911822,0.2948617415379178,18:57:30.980,+16:53:39.600,2018-01-31T13:39:48.394,2,0.0023674247142554533,-2.265979347519712,FoVP,-0.016413283361727773,0.7018051566064166,2458150.0662440713
V1674 Her,4.963351327911822,0.2948617415379178,18:57:30.980,+16:53:39.600,2018-01-31T15:26:22.642,4,0.0016792726661897523,-2.271471152812022,FoVF,-0.013745211286785828,0.7022659054825248,2458150.1402538554
V1674 Her,4.963351327911822,0.2948617415379178,18:57:30.980,+16:53:39.600,2018-01-31T19:40:02.701,3,9.368275012175859E-5,-2.284549116294881,FoVP,-0.0073717921306851245,0.7033250243691621,2458150.316417424
V1674 Her,4.963351327911822,0.2948617415379178,18:57:30.980,+16:53:39.600,2018-01-31T21:26:36.907,5,-5.502749382053497E-4,-2.2900458435229982,FoVF,-0.00468477240573311,0.703754063450008,2458150.390426739
V1674 Her,4.963351327911822,0.2948617415379178,18:57:30.980,+16:53:39.600,2018-02-01T01:40:16.868,5,-0.0020297788373657756,-2.303135227758146,FoVP,0.0017332443367842698,0.7047370313737873,2458150.5665892297
V1674 Her,4.963351327911822,0.2948617415379178,18:57:30.980,+16:53:39.600,2018-02-01T03:26:51.033,6,-0.002628791380871378,-2.308636624509055,FoVF,0.00443878009442211,0.7051337972858837,2458150.640598108
V1674 Her,4.963351327911822,0.2948617415379178,18:57:30.980,+16:53:39.600,2018-02-01T07:40:30.904,6,-0.004000410545314841,-2.3217368027639487,FoVP,0.010900318346576997,0.7060392840563949,2458150.816759598
V1674 Her,4.963351327911822,0.2948617415379178,18:57:30.980,+16:53:39.600,2018-02-01T09:27:05.032,7,-0.004553717485671531,-2.327242594753332,FoVF,0.013623897626477631,0.7064032228185821,2458150.8907680726
V1674 Her,4.963351327911822,0.2948617415379178,18:57:30.980,+16:53:39.600,2018-02-01T13:40:44.818,7,-0.00581563074508108,-2.340352887729014,FoVP,0.020127784196505766,0.7072299223753954,2458151.06692864
V1674 Her,4.963351327911822,0.2948617415379178,18:57:30.980,+16:53:39.600,2018-02-06T13:45:14.329,6,-0.005302460108848864,-2.713546802490735,FoVP,0.21371880015348543,0.705266719896967,2458156.070224269
V1674 Her,4.963351327911822,0.2948617415379178,18:57:30.980,+16:53:39.600,2018-02-06T15:31:48.444,7,-0.004709092639427574,-2.7190394758194705,FoVF,0.21664928194723115,0.7048470610957529,2458156.1442330666
V1674 Her,4.963351327911822,0.2948617415379178,18:57:30.980,+16:53:39.600,2018-02-06T19:45:28.286,5,-0.003221103240421705,-2.7321046012097177,FoVP,0.2236244317312173,0.7038012986756924,2458156.320395419
V1674 Her,4.963351327911822,0.2948617415379178,18:57:30.980,+16:53:39.600,2018-02-06T21:32:02.441,6,-0.002564031448307923,-2.73758954793629,FoVF,0.22655451151566117,0.7033422885733785,2458156.3944047024
V1674 Her,4.963351327911822,0.2948617415379178,18:57:30.980,+16:53:39.600,2018-02-07T01:45:42.382,4,-9.234402613997747E-4,-2.7506352950778754,FoVP,0.23352752267490293,0.7022029796136474,2458156.5705682645
V1674 Her,4.963351327911822,0.2948617415379178,18:57:30.980,+16:53:39.600,2018-02-07T03:32:16.581,5,-2.018526036243401E-4,-2.756111680981492,FoVF,0.23645621026255403,0.7017047296526154,2458156.6445780788
V1674 Her,4.963351327911822,0.2948617415379178,18:57:30.980,+16:53:39.600,2018-02-07T07:45:56.632,2,0.0015932638926715475,-2.7691360361396242,FoVP,0.24342474250281182,0.700472195330056,2458156.8207429606
V1674 Her,4.963351327911822,0.2948617415379178,18:57:30.980,+16:53:39.600,2018-02-07T09:32:30.879,3,0.0023801718879144862,-2.774603003495453,FoVF,0.24635106264768097,0.6999348641825793,2458156.8947533523
V1674 Her,4.963351327911822,0.2948617415379178,18:57:30.980,+16:53:39.600,2018-02-07T13:46:11.049,1,0.00433171928538052,-2.7876038973698734,FoVP,0.2533128166083,0.6986095394466363,2458157.0709196627
V1674 Her,4.963351327911822,0.2948617415379178,18:57:30.980,+16:53:39.600,2018-02-07T15:32:45.348,2,0.005184744092611815,-2.7930605652730502,FoVF,0.25623581354127806,0.6980333341333264,2458157.144930678
V1674 Her,4.963351327911822,0.2948617415379178,18:57:30.980,+16:53:39.600,2018-03-24T01:21:42.837,6,-0.004187232130657081,-2.339528949642819,FoVP,-0.6780883334950766,0.7133375984857886,2458201.5566177326
V1674 Her,4.963351327911822,0.2948617415379178,18:57:30.980,+16:53:39.600,2018-04-26T12:50:21.749,3,2.46388153117127E-4,2.0540901635555033,FoVP,0.6747764192633392,0.7143870583838939,2458235.0373987267
V1674 Her,4.963351327911822,0.2948617415379178,18:57:30.980,+16:53:39.600,2018-05-16T20:36:56.376,4,3.8572514813827076E-4,-3.0879205409890385,FoVF,-0.5333170029832935,0.7197940128230671,2458255.362786366
V1674 Her,4.963351327911822,0.2948617415379178,18:57:30.980,+16:53:39.600,2018-08-24T03:46:30.282,6,-0.0045689797812005165,-0.0712380291628995,FoVP,0.43122099786003737,0.7209691720436133,2458354.6616444862
V1674 Her,4.963351327911822,0.2948617415379178,18:57:30.980,+16:53:39.600,2018-08-24T05:33:04.520,5,-5.038199391003465E-4,-0.06790722222934521,FoVF,0.4281971211976041,0.7232915470371432,2458354.735647967
V1674 Her,4.963351327911822,0.2948617415379178,18:57:30.980,+16:53:39.600,2018-09-09T11:37:46.269,3,0.003296782335431582,0.9278152568069241,FoVF,-0.5944537947223941,0.7168964098477132,2458370.9879330383
V1674 Her,4.963351327911822,0.2948617415379178,18:57:30.980,+16:53:39.600,2018-10-15T21:07:37.430,4,-0.0016856262397627495,-0.9593657576853253,FoVP,0.706677132211657,0.7182969263727454,2458407.3809577357
V1674 Her,4.963351327911822,0.2948617415379178,18:57:30.980,+16:53:39.600,2018-10-15T22:54:11.643,3,0.0035864331369689128,-0.9605554802951787,FoVF,0.7068981195369998,0.7179773348260182,2458407.4549591094
V1674 Her,4.963351327911822,0.2948617415379178,18:57:30.980,+16:53:39.600,2018-11-21T04:27:43.329,1,0.006603374356174862,-0.007817054822112635,FoVF,-0.5057101104635443,0.7038877724606335,2458443.684022168
V1674 Her,4.963351327911822,0.2948617415379178,18:57:30.980,+16:53:39.600,2018-11-21T10:27:57.654,6,-0.003001539849911746,-0.023754537507442358,FoVF,-0.49618735277871423,0.708755125437869,2458443.934173283
V1674 Her,4.963351327911822,0.2948617415379178,18:57:30.980,+16:53:39.600,2018-12-08T14:50:33.024,6,-0.005197487994603234,-1.268556291127942,FoVP,0.252019321871094,0.7116501723616825,2458461.1156662884
V1674 Her,4.963351327911822,0.2948617415379178,18:57:30.980,+16:53:39.600,2018-12-08T16:37:07.160,6,-0.003124195510871701,-1.2736907083586533,FoVF,0.2544780002795873,0.7102773872574913,2458461.1896694764
V1674 Her,4.963351327911822,0.2948617415379178,18:57:30.980,+16:53:39.600,2018-12-08T20:50:47.153,2,0.0018555040232871235,-1.2858944295998567,FoVP,0.2602905372254552,0.7069834982462787,2458461.3658196493
V1674 Her,4.963351327911822,0.2948617415379178,18:57:30.980,+16:53:39.600,2018-12-08T22:37:21.414,2,0.00396616595613908,-1.2910140836885367,FoVF,0.26271592978608516,0.7055888164186076,2458461.4398243027
V1674 Her,4.963351327911822,0.2948617415379178,18:57:30.980,+16:53:39.600,2019-02-08T22:33:57.814,2,0.004211359626562823,-2.1059453673433417,FoVF,-0.2635461866084508,0.704902557258414,2458523.437476808
V1674 Her,4.963351327911822,0.2948617415379178,18:57:30.980,+16:53:39.600,2019-02-09T02:47:37.903,4,-8.637929873942099E-4,-2.1180663168012965,FoVP,-0.2578294315941953,0.7081984972615288,2458523.6136424635
V1674 Her,4.963351327911822,0.2948617415379178,18:57:30.980,+16:53:39.600,2019-02-09T04:34:12.078,6,-0.002977462947347662,-2.123165938840251,FoVF,-0.2554113016694788,0.7095726359125014,2458523.6876521693
V1674 Her,4.963351327911822,0.2948617415379178,18:57:30.980,+16:53:39.600,2019-02-26T14:56:43.668,7,-0.006908743035669159,2.902641876573555,FoVP,0.49815359804635595,0.7087408205292658,2458541.120844639
V1674 Her,4.963351327911822,0.2948617415379178,18:57:30.980,+16:53:39.600,2019-02-26T16:43:17.789,7,-0.0040983797336639725,2.897936781962479,FoVF,0.5009567875194093,0.7073137692131175,2458541.1948550506
V1674 Her,4.963351327911822,0.2948617415379178,18:57:30.980,+16:53:39.600,2019-02-26T20:56:57.782,2,0.0027002880663942147,2.8868042571360775,FoVP,0.50758487266708,0.7039028230205081,2458541.3710228363
V1674 Her,4.963351327911822,0.2948617415379178,18:57:30.980,+16:53:39.600,2019-02-26T22:43:32.058,1,0.0056023509793685245,2.8821557993564126,FoVF,0.5103510602429786,0.7024644240961428,2458541.4450350637
V1674 Her,4.963351327911822,0.2948617415379178,18:57:30.980,+16:53:39.600,2019-04-04T04:17:18.480,1,0.006757432425397785,-2.4402755780818572,FoVF,-0.7089470056444535,0.7161519214319653,2458577.6793867303
V1674 Her,4.963351327911822,0.2948617415379178,18:57:30.980,+16:53:39.600,2019-04-04T08:30:58.504,7,-0.005731532923618519,-2.4430256259802694,FoVP,-0.7084753995026527,0.7168506739738952,2458577.8555580075
V1674 Her,4.963351327911822,0.2948617415379178,18:57:30.980,+16:53:39.600,2019-05-10T19:46:56.363,7,-0.006809739736945789,1.9486643298100768,FoVP,0.5957998879787513,0.7142848192875797,2458614.3276637523
V1674 Her,4.963351327911822,0.2948617415379178,18:57:30.980,+16:53:39.600,2019-05-10T21:33:30.615,6,-0.0022696875601219803,1.9513382349896018,FoVF,0.5929689032612079,0.7161628995731449,2458614.4016761356
V1674 Her,4.963351327911822,0.2948617415379178,18:57:30.980,+16:53:39.600,2019-05-27T03:38:26.060,4,0.001483720916231638,2.943229585209648,FoVF,-0.42431015376,0.7243203375784618,2458630.6560558504
V1674 Her,4.963351327911822,0.2948617415379178,18:57:30.980,+16:53:39.600,2019-08-13T14:47:02.555,6,-0.004514560160358445,1.0374458341254096,FoVP,-0.28853066798454596,0.7156057276561257,2458709.1208596625
V1674 Her,4.963351327911822,0.2948617415379178,18:57:30.980,+16:53:39.600,2019-08-13T16:33:36.707,6,-0.0024118551641312685,1.032653083977526,FoVF,-0.2862514098236633,0.7170000186228047,2458709.1948629706
V1674 Her,4.963351327911822,0.2948617415379178,18:57:30.980,+16:53:39.600,2019-08-13T20:47:16.730,2,0.0025545517534117765,1.0212274826365042,FoVP,-0.2807897055132539,0.7202974110749722,2458709.371013273
V1674 Her,4.963351327911822,0.2948617415379178,18:57:30.980,+16:53:39.600,2019-08-13T22:33:50.999,2,0.0046246546987517324,1.0164199641257985,FoVF,-0.27847967061608303,0.7216735556406437,2458709.4450179087
V1674 Her,4.963351327911822,0.2948617415379178,18:57:30.980,+16:53:39.600,2019-09-01T16:59:50.546,3,0.0036321964059042246,-0.2726008227411995,FoVF,0.5127263293943121,0.7233650250765543,2458728.212100568
V1674 Her,4.963351327911822,0.2948617415379178,18:57:30.980,+16:53:39.600,2019-09-01T21:13:30.576,5,-0.003185390466876791,-0.28314451169801425,FoVP,0.5191108759006585,0.7200163675092076,2458728.388247682
V1674 Her,4.963351327911822,0.2948617415379178,18:57:30.980,+16:53:39.600,2019-10-08T12:34:43.987,6,-0.0023076186313931955,0.6923860911495571,FoVF,-0.7170981262513074,0.7078656846506265,2458765.025375477
V1674 Her,4.963351327911822,0.2948617415379178,18:57:30.980,+16:53:39.600,2019-11-13T14:28:37.684,4,0.0018832931644835555,-1.1962858448273865,FoVF,0.5682114502834754,0.7109291883527789,2458801.10180943
V1674 Her,4.963351327911822,0.2948617415379178,18:57:30.980,+16:53:39.600,2019-11-28T19:06:28.654,5,-0.002005073319487421,-0.21859115461163478,FoVP,-0.4139210362276855,0.7062555965327446,2458816.293866281
V1674 Her,4.963351327911822,0.2948617415379178,18:57:30.980,+16:53:39.600,2019-11-28T20:53:02.863,3,0.0021783351469669503,-0.2149896293828149,FoVF,-0.417087764107098,0.703835296345622,2458816.367869488
V1674 Her,4.963351327911822,0.2948617415379178,18:57:30.980,+16:53:39.600,2020-03-01T13:13:10.242,3,8.663739183901214E-4,2.8082487714954776,FoVP,0.540866616445995,0.7085220550714633,2458910.0491565797
V1674 Her,4.963351327911822,0.2948617415379178,18:57:30.980,+16:53:39.600,2020-03-01T14:59:44.465,7,-0.003984107794477924,2.810779000181752,FoVF,0.5385951326569955,0.710796525058776,2458910.1231684103
V1674 Her,4.963351327911822,0.2948617415379178,18:57:30.980,+16:53:39.600,2020-03-21T13:52:18.707,7,-0.00697084216478585,-2.32362872064653,FoVP,-0.6728493025431871,0.7181314480176795,2458930.077720209
V1674 Her,4.963351327911822,0.2948617415379178,18:57:30.980,+16:53:39.600,2020-03-21T15:38:52.934,6,-0.0016847619455719034,-2.3224651233695335,FoVF,-0.6744429419229381,0.7169428157152885,2458930.1517329575
V1674 Her,4.963351327911822,0.2948617415379178,18:57:30.980,+16:53:39.600,2020-04-23T21:25:25.799,4,-2.615953173228112E-4,2.071638271130616,FoVP,0.689965789464654,0.7155599135466084,2458963.394925971
V1674 Her,4.963351327911822,0.2948617415379178,18:57:30.980,+16:53:39.600,2020-06-10T17:17:39.769,7,-0.005869092261002514,2.41545227711825,FoVP,-0.19848425090157515,0.7217240896727856,2459011.2256464623
V1674 Her,4.963351327911822,0.2948617415379178,18:57:30.980,+16:53:39.600,2020-06-10T23:17:53.694,6,-0.004232790898013504,2.3979126434337332,FoVP,-0.18901711428330814,0.7227666883199845,2459011.4758166177
V1674 Her,4.963351327911822,0.2948617415379178,18:57:30.980,+16:53:39.600,2020-06-11T01:04:27.832,7,-0.0037832663810091587,2.392720902600342,FoVF,-0.18621828155551323,0.723052208693728,2459011.5498254877
V1674 Her,4.963351327911822,0.2948617415379178,18:57:30.980,+16:53:39.600,2020-06-11T05:18:07.713,5,-0.0027761779137090016,2.380358179658994,FoVP,-0.17956032537893507,0.7236897843123394,2459011.7259877804
V1674 Her,4.963351327911822,0.2948617415379178,18:57:30.980,+16:53:39.600,2020-06-11T07:04:41.876,6,-0.002379358875074102,2.375162432599595,FoVF,-0.17676507147081025,0.7239399955469521,2459011.799996924
V1674 Her,4.963351327911822,0.2948617415379178,18:57:30.980,+16:53:39.600,2020-06-11T11:18:21.814,4,-0.001496892581992918,2.3627908588052335,FoVP,-0.17011658280581315,0.7244936306001724,2459011.976159827
V1674 Her,4.963351327911822,0.2948617415379178,18:57:30.980,+16:53:39.600,2020-06-11T13:04:56.000,5,-0.001152080039803451,2.357591677129875,FoVF,-0.16732570418431714,0.7247086276478345,2459012.0501692086
V1674 Her,4.963351327911822,0.2948617415379178,18:57:30.980,+16:53:39.600,2020-06-11T17:18:35.987,4,-3.925715018778433E-4,2.3452125908455743,FoVP,-0.1606885733231616,0.7251785842327925,2459012.226332635
V1674 Her,4.963351327911822,0.2948617415379178,18:57:30.980,+16:53:39.600,2020-06-11T19:05:10.192,5,-9.906605450741074E-5,2.3400105274738987,FoVF,-0.15790286126312572,0.7253584921229869,2459012.300342219
V1674 Her,4.963351327911822,0.2948617415379178,18:57:30.980,+16:53:39.600,2020-06-11T23:18:50.221,3,5.391494730872235E-4,2.327625222513532,FoVP,-0.1512789631438116,0.7257451025862649,2459012.476506084
V1674 Her,4.963351327911822,0.2948617415379178,18:57:30.980,+16:53:39.600,2020-06-12T01:05:24.442,4,7.820470850764656E-4,2.3224208116279312,FoVF,-0.14849920123793922,0.7258900752910026,2459012.550515835
V1674 Her,4.963351327911822,0.2948617415379178,18:57:30.980,+16:53:39.600,2020-06-12T05:19:04.507,3,0.0013006333520183479,2.310030537168664,FoVP,-0.14189038966947565,0.7261937394958421,2459012.7266800553
V1674 Her,4.963351327911822,0.2948617415379178,18:57:30.980,+16:53:39.600,2020-06-12T07:05:38.741,4,0.001493621697778557,2.3048242941877706,FoVF,-0.13911735146784904,0.7263039587702982,2459012.8006899375
V1674 Her,4.963351327911822,0.2948617415379178,18:57:30.980,+16:53:39.600,2020-06-12T11:19:18.834,2,0.0018942401699250438,2.2924302547319413,FoVP,-0.13252545366655782,0.7265251413107645,2459012.976854429
V1674 Her,4.963351327911822,0.2948617415379178,18:57:30.980,+16:53:39.600,2020-06-12T13:05:53.078,3,0.0020380165936301404,2.2872226763055297,FoVF,-0.12975990044638694,0.7266008155118169,2459013.0508644083
V1674 Her,4.963351327911822,0.2948617415379178,18:57:30.980,+16:53:39.600,2020-06-12T17:19:33.191,2,0.0023223251970279266,2.2748260316934825,FoVP,-0.12318671188774052,0.7267400428799008,2459013.2270290894
V1674 Her,4.963351327911822,0.2948617415379178,18:57:30.980,+16:53:39.600,2020-06-12T19:06:07.443,3,0.00241758529657921,2.2696175957179556,FoVF,-0.12042939055787817,0.7267814057676107,2459013.3010391314
V1674 Her,4.963351327911822,0.2948617415379178,18:57:30.980,+16:53:39.600,2020-06-12T23:19:47.570,2,0.002587237194053228,2.257219461191051,FoVP,-0.11387667014747044,0.726839263480968,2459013.477203921
V1674 Her,4.963351327911822,0.2948617415379178,18:57:30.980,+16:53:39.600,2020-06-13T01:06:21.826,3,0.002634674312358826,2.252010626847237,FoVF,-0.11112831128758796,0.7268465730058085,2459013.5512139914
V1674 Her,4.963351327911822,0.2948617415379178,18:57:30.980,+16:53:39.600,2020-06-13T05:20:01.960,2,0.0026913167111439775,2.239612073163289,FoVP,-0.10459777685713716,0.7268237027081977,2459013.7273788094
V1674 Her,4.963351327911822,0.2948617415379178,18:57:30.980,+16:53:39.600,2020-06-13T07:06:36.218,3,0.0026916214421542164,2.234403280975262,FoVF,-0.10185909289331696,0.7267972397871683,2459013.801388875
V1674 Her,4.963351327911822,0.2948617415379178,18:57:30.980,+16:53:39.600,2020-06-13T11:20:16.351,2,0.0026368944328255006,2.222005334574087,FoVP,-0.09535241701979559,0.7266943363271209,2459013.9775536433
V1674 Her,4.963351327911822,0.2948617415379178,18:57:30.980,+16:53:39.600,2020-06-13T13:06:50.608,3,0.0025907541414145812,2.216797006489443,FoVF,-0.092624100536161,0.7266344036138246,2459014.0515636713
V1674 Her,4.963351327911822,0.2948617415379178,18:57:30.980,+16:53:39.600,2020-06-13T17:20:30.735,2,0.0024262895677963662,2.20440064970957,FoVP,-0.08614290668517283,0.7264522121100404,2459014.227728311
V1674 Her,4.963351327911822,0.2948617415379178,18:57:30.980,+16:53:39.600,2020-06-13T19:07:04.987,3,0.0023343879220661954,2.1991931892020653,FoVF,-0.08342562887267793,0.7263591327606468,2459014.301738269
V1674 Her,4.963351327911822,0.2948617415379178,18:57:30.980,+16:53:39.600,2020-06-13T23:20:45.100,2,0.0020618082834547285,2.186799360548521,FoVP,-0.07697148786621949,0.726098445665763,2459014.4779027044
V1674 Her,4.963351327911822,0.2948617415379178,18:57:30.980,+16:53:39.600,2020-06-14T05:20:59.440,2,0.0015457421852820108,2.1692027472000266,FoVP,-0.06784032390592702,0.7256342162699946,2459014.7280767164
V1674 Her,4.963351327911822,0.2948617415379178,18:57:30.980,+16:53:39.600,2020-06-14T07:07:33.675,4,0.0013643517888739,2.1639981590027313,FoVF,-0.06514704448048589,0.7254758889615504,2459014.8020864394
V1674 Her,4.963351327911822,0.2948617415379178,18:57:30.980,+16:53:39.600,2020-06-14T11:21:13.743,3,8.803668402555043E-4,2.151612028412342,FoVP,-0.05875149529739436,0.7250607627150689,2459014.978250241
V1674 Her,4.963351327911822,0.2948617415379178,18:57:30.980,+16:53:39.600,2020-06-14T13:07:47.966,4,6.552394339035289E-4,2.1464094086944003,FoVF,-0.0560711262468328,0.724870368935841,2459015.0522598
V1674 Her,4.963351327911822,0.2948617415379178,18:57:30.980,+16:53:39.600,2020-06-14T17:21:28.002,3,6.794034461811806E-5,2.134028362147917,FoVP,-0.04970699594125267,0.7243793791801934,2459015.228423175
V1674 Her,4.963351327911822,0.2948617415379178,18:57:30.980,+16:53:39.600,2020-06-14T19:08:02.210,5,-2.0025960461782797E-4,2.128828041914131,FoVF,-0.04704011003392654,0.7241573118069393,2459015.3024325394
V1674 Her,4.963351327911822,0.2948617415379178,18:57:30.980,+16:53:39.600,2020-06-14T23:21:42.207,4,-8.892980644152384E-4,2.1164528462222223,FoVP,-0.04070872983666287,0.7235914111418761,2459015.478595416
V1674 Her,4.963351327911822,0.2948617415379178,18:57:30.980,+16:53:39.600,2020-06-15T01:08:16.398,5,-0.001199911928064632,2.1112551388157406,FoVF,-0.0380558726723853,0.7233380774485728,2459015.552604557
V1674 Her,4.963351327911822,0.2948617415379178,18:57:30.980,+16:53:39.600,2020-06-15T05:21:56.350,5,-0.0019891293534760775,2.098886519005749,FoVP,-0.031758508190874266,0.7226982513252982,2459015.728766865
V1674 Her,4.963351327911822,0.2948617415379178,18:57:30.980,+16:53:39.600,2020-06-15T07:08:30.521,6,-0.002341504731060014,2.0936917203271377,FoVF,-0.029120197425270125,0.722414071796401,2459015.8027757523
V1674 Her,4.963351327911822,0.2948617415379178,18:57:30.980,+16:53:39.600,2020-06-15T11:22:10.423,5,-0.0032293559941273557,2.0813303601853725,FoVP,-0.02285804693944208,0.721701335715008,2459015.9789374233
V1674 Her,4.963351327911822,0.2948617415379178,18:57:30.980,+16:53:39.600,2020-06-15T13:08:44.571,7,-0.0036228470899001657,2.076138748928701,FoVF,-0.020234771625493007,0.7213867428755102,2459016.0529460283
V1674 Her,4.963351327911822,0.2948617415379178,18:57:30.980,+16:53:39.600,2020-06-15T17:22:24.416,6,-0.004607803220644094,2.0637852915816888,FoVP,-0.014008964657247028,0.7206021396224614,2459016.2291069943
V1674 Her,4.963351327911822,0.2948617415379178,18:57:30.980,+16:53:39.600,2020-06-15T23:22:38.323,7,-0.006122320245172505,2.0462521780209233,FoVP,-0.005212780852451852,0.7194021738299166,2459016.4792754836
V1674 Her,4.963351327911822,0.2948617415379178,18:57:30.980,+16:53:39.600,2020-08-24T15:44:32.810,4,-4.298021560958713E-4,-0.09305784212362934,FoVP,0.43777702871791546,0.7185545372163326,2459086.1602327116
V1674 Her,4.963351327911822,0.2948617415379178,18:57:30.980,+16:53:39.600,2020-09-10T09:48:59.312,5,-0.003402737345938811,0.9232608842014701,FoVP,-0.6045400584590411,0.7103805041094888,2459102.912297218
V1674 Her,4.963351327911822,0.2948617415379178,18:57:30.980,+16:53:39.600,2020-10-16T09:06:22.000,5,-0.0034786052672123196,-0.9691894963950671,FoVP,0.7007641939979042,0.7150339399174874,2459138.8800192303
V1674 Her,4.963351327911822,0.2948617415379178,18:57:30.980,+16:53:39.600,2020-10-16T10:52:56.206,4,0.0017747024881086,-0.9704722013719445,FoVF,0.7010317972319934,0.7146465092379716,2459138.9540205416
V1674 Her,4.963351327911822,0.2948617415379178,18:57:30.980,+16:53:39.600,2020-11-22T08:39:52.189,2,0.002189824734246266,-0.05427755204897536,FoVP,-0.4846672536826935,0.7008740509594923,2459175.8590431316
V1674 Her,4.963351327911822,0.2948617415379178,18:57:30.980,+16:53:39.600,2020-11-22T10:26:26.413,5,-4.8521432413553203E-4,-0.059092774101144774,FoVF,-0.4818241581486111,0.7022751493583507,2459175.9330461053
V1674 Her,4.963351327911822,0.2948617415379178,18:57:30.980,+16:53:39.600,2020-11-22T14:40:06.288,7,-0.0067434794060025295,-0.070614842046627,FoVP,-0.4750152695239609,0.7055894833176729,2459176.109191996
V1674 Her,4.963351327911822,0.2948617415379178,18:57:30.980,+16:53:39.600,2020-12-09T02:49:26.608,5,-0.0026811658561995146,-1.271223447977969,FoVP,0.23290998630366347,0.7080359159510762,2459192.6148719424
V1674 Her,4.963351327911822,0.2948617415379178,18:57:30.980,+16:53:39.600,2020-12-09T04:36:00.788,5,-7.015411500723286E-4,-1.2763961999047853,FoVF,0.2353714948135375,0.7067389670539255,2459192.688875712
V1674 Her,4.963351327911822,0.2948617415379178,18:57:30.980,+16:53:39.600,2020-12-09T08:49:40.878,1,0.004055331441985297,-1.2886921403348406,FoVP,0.2411920928614706,0.7036249339361558,2459192.8650272023
V1674 Her,4.963351327911822,0.2948617415379178,18:57:30.980,+16:53:39.600,2020-12-09T10:36:15.178,1,0.006072436147431536,-1.2938509379357814,FoVF,0.24362140676613886,0.7023055337926837,2459192.939032382
V1674 Her,4.963351327911822,0.2948617415379178,18:57:30.980,+16:53:39.600,2021-02-09T08:46:17.326,1,0.004674451136002998,-2.1035944714343153,FoVP,-0.2867267701711833,0.7071743864684696,2459254.8627535664
V1674 Her,4.963351327911822,0.2948617415379178,18:57:30.980,+16:53:39.600,2021-02-09T10:32:51.597,3,0.002431496572452852,-2.1086371267907147,FoVF,-0.2843470262353882,0.7086493448827199,2459254.9367644438
V1674 Her,4.963351327911822,0.2948617415379178,18:57:30.980,+16:53:39.600,2021-02-09T14:46:31.608,5,-0.0028639373614371025,-2.1206584298040108,FoVP,-0.27864269371679823,0.7121362657172067,2459255.112929402
V1674 Her,4.963351327911822,0.2948617415379178,18:57:30.980,+16:53:39.600,2021-02-27T20:55:23.822,3,0.001123463607015894,2.852656942661473,FoVP,0.5220936730318251,0.7117796830646752,2459273.370038246
V1674 Her,4.963351327911822,0.2948617415379178,18:57:30.980,+16:53:39.600,2021-02-27T22:41:58.073,2,0.004160208520644245,2.8481000348180876,FoVF,0.5248440322583315,0.710313376850262,2459273.4440502776
V1674 Her,4.963351327911822,0.2948617415379178,18:57:30.980,+16:53:39.600,2021-04-04T20:29:42.579,5,-0.0035867970079505526,-2.4529819265907755,FoVP,-0.7141924261371074,0.7215713073887411,2459309.354766423
V1674 Her,4.963351327911822,0.2948617415379178,18:57:30.980,+16:53:39.600,2021-05-11T19:44:43.373,1,0.003749667095721705,1.9470447878254074,FoVP,0.5850135244340462,0.721494970352056,2459346.326232191
V1674 Her,4.963351327911822,0.2948617415379178,18:57:30.980,+16:53:39.600,2021-05-27T13:49:52.564,3,0.0013056222680267152,2.9174716043697333,FoVP,-0.41198476515477156,0.730969861598819,2459362.080727829
V1674 Her,4.963351327911822,0.2948617415379178,18:57:30.980,+16:53:39.600,2021-05-27T15:36:26.781,6,-0.0026464970095838544,2.9209009360930485,FoVF,-0.4151172979562137,0.7286713286830998,2459362.154738764
V1674 Her,4.963351327911822,0.2948617415379178,18:57:30.980,+16:53:39.600,2021-09-03T22:46:19.791,5,-0.0019767784119648075,-0.3387707937474774,FoVP,0.5413185938267964,0.7153681740901795,2459461.452564782
V1674 Her,4.963351327911822,0.2948617415379178,18:57:30.980,+16:53:39.600,2021-09-04T00:32:53.998,3,0.0027189227768802645,-0.33635259704915066,FoVF,0.5390952627634565,0.7175395358873671,2459461.5265671895
V1674 Her,4.963351327911822,0.2948617415379178,18:57:30.980,+16:53:39.600,2021-09-24T16:45:37.769,4,-0.0013388313785200549,0.8171702690390813,FoVP,-0.6809387643647161,0.7076408335426689,2459482.2006466566
V1674 Her,4.963351327911822,0.2948617415379178,18:57:30.980,+16:53:39.600,2021-10-27T16:15:42.308,2,0.0018598654840066467,-1.0728179630419297,FoVP,0.6682259832933379,0.7099355603476212,2459515.1773493686
V1674 Her,4.963351327911822,0.2948617415379178,18:57:30.980,+16:53:39.600,2021-10-27T18:02:16.551,1,0.006830906119311308,-1.0750299311989973,FoVF,0.6690432877512891,0.7088670586347576,2459515.251351315
V1674 Her,4.963351327911822,0.2948617415379178,18:57:30.980,+16:53:39.600,2021-12-12T17:38:56.204,1,0.0067081726997934125,-0.754577417453258,FoVF,-0.19280063565284924,0.6961976022471386,2459561.232464251
V1674 Her,4.963351327911822,0.2948617415379178,18:57:30.980,+16:53:39.600,2021-12-12T23:39:10.815,2,0.005204766857141665,-0.7732548759774631,FoVF,-0.18313663973745406,0.6972863967502528,2459561.4826244446
V1674 Her,4.963351327911822,0.2948617415379178,18:57:30.980,+16:53:39.600,2021-12-13T03:52:51.048,1,0.004265129629561876,-0.7864164779962587,FoVP,-0.17633864136470584,0.6979761640394796,2459561.658778327
V1674 Her,4.963351327911822,0.2948617415379178,18:57:30.980,+16:53:39.600,2021-12-13T05:39:25.335,2,0.003899437163553805,-0.7919480427429972,FoVF,-0.17348471548972502,0.6982470159920529,2459561.7327836733
V1674 Her,4.963351327911822,0.2948617415379178,18:57:30.980,+16:53:39.600,2021-12-13T09:53:05.513,2,0.003097618787591039,-0.805119365488303,FoVP,-0.16669701714824894,0.6988467381322514,2459561.9089369634
V1674 Her,4.963351327911822,0.2948617415379178,18:57:30.980,+16:53:39.600,2021-12-13T11:39:39.779,3,0.002789417229100899,-0.810654691318307,FoVF,-0.16384786022660963,0.6990798245830335,2459561.982942082
V1674 Her,4.963351327911822,0.2948617415379178,18:57:30.980,+16:53:39.600,2021-12-13T15:53:19.909,2,0.0021234691680618,-0.8238342138417875,FoVP,-0.15707255941750212,0.6995898304008409,2459562.1590948803
V1674 Her,4.963351327911822,0.2948617415379178,18:57:30.980,+16:53:39.600,2021-12-13T17:39:54.157,4,0.0018719400149737255,-0.829372673340434,FoVF,-0.15422904836472856,0.6997853067893339,2459562.233099814
V1674 Her,4.963351327911822,0.2948617415379178,18:57:30.980,+16:53:39.600,2021-12-13T21:53:34.249,3,0.0013399147652458274,-0.8425589297697962,FoVP,-0.147468220142741,0.7002060064578272,2459562.4092522208
V1674 Her,4.963351327911822,0.2948617415379178,18:57:30.980,+16:53:39.600,2021-12-13T23:40:08.482,4,0.0011442403110586805,-0.8480999186769502,FoVF,-0.14463122094244368,0.7003640616708982,2459562.4832570106
V1674 Her,4.963351327911822,0.2948617415379178,18:57:30.980,+16:53:39.600,2021-12-14T03:53:48.544,3,7.441931090078854E-4,-0.861291498270923,FoVP,-0.13788691088694793,0.7006959432261579,2459562.6594091244
V1674 Her,4.963351327911822,0.2948617415379178,18:57:30.980,+16:53:39.600,2021-12-14T05:40:22.767,4,6.035571505769022E-4,-0.8668344354894619,FoVF,-0.13505727572646034,0.7008167981195019,2459562.7334138122
V1674 Her,4.963351327911822,0.2948617415379178,18:57:30.980,+16:53:39.600,2021-12-14T09:54:02.807,3,3.3354763458302015E-4,-0.8800299826266165,FoVP,-0.1283314933299572,0.7010604239045188,2459562.909565731
V1674 Her,4.963351327911822,0.2948617415379178,18:57:30.980,+16:53:39.600,2021-12-14T11:40:37.022,4,2.471361610288906E-4,-0.8855743102034312,FoVF,-0.1255100579099189,0.701144329798005,2459562.9835703564
V1674 Her,4.963351327911822,0.2948617415379178,18:57:30.980,+16:53:39.600,2021-12-14T15:54:17.050,3,1.0522999024064016E-4,-0.8987725242991693,FoVP,-0.1188047703914083,0.7013003328622607,2459563.1597221764
V1674 Her,4.963351327911822,0.2948617415379178,18:57:30.980,+16:53:39.600,2021-12-14T17:40:51.261,5,7.223185418668568E-5,-0.9043177073745046,FoVF,-0.11599235141789506,0.7013475700161371,2459563.233726781
V1674 Her,4.963351327911822,0.2948617415379178,18:57:30.980,+16:53:39.600,2021-12-14T21:54:31.283,3,5.650228411602703E-5,-0.9175173427277122,FoVP,-0.10930947796470565,0.7014166504675661,2459563.4098785967
V1674 Her,4.963351327911822,0.2948617415379178,18:57:30.980,+16:53:39.600,2021-12-14T23:41:05.494,5,7.610985359473882E-5,-0.9230628694574035,FoVF,-0.10650687082005116,0.7014275265434448,2459563.4838832193
V1674 Her,4.963351327911822,0.2948617415379178,18:57:30.980,+16:53:39.600,2021-12-15T03:54:45.519,3,1.8463926903089972E-4,-0.9362627350277781,FoVP,-0.09984827726095395,0.7014104478730502,2459563.660035125
V1674 Her,4.963351327911822,0.2948617415379178,18:57:30.980,+16:53:39.600,2021-12-15T05:41:19.733,4,2.5604906114679726E-4,-0.9418081164733626,FoVF,-0.09705625385689383,0.7013852963875568,2459563.7340398044
V1674 Her,4.963351327911822,0.2948617415379178,18:57:30.980,+16:53:39.600,2021-12-15T09:54:59.769,3,4.8693046529421966E-4,-0.9550070755883273,FoVP,-0.09042374776611842,0.7012828817772634,2459563.9101918917
V1674 Her,4.963351327911822,0.2948617415379178,18:57:30.980,+16:53:39.600,2021-12-15T11:41:33.989,4,6.093437632449583E-4,-0.9605518455812468,FoVF,-0.08764305457563464,0.7012220605467242,2459563.9841966666
V1674 Her,4.963351327911822,0.2948617415379178,18:57:30.980,+16:53:39.600,2021-12-15T15:55:14.044,3,9.606822232852256E-4,-0.9737488155738365,FoVP,-0.0810383808046242,0.7010351891727019,2459564.1603490263
V1674 Her,4.963351327911822,0.2948617415379178,18:57:30.980,+16:53:39.600,2021-12-15T17:41:48.273,4,0.0011333056759322527,-0.9792925305475657,FoVF,-0.0782697370756976,0.7009390787611377,2459564.234353935
V1674 Her,4.963351327911822,0.2948617415379178,18:57:30.980,+16:53:39.600,2021-12-15T21:55:28.355,2,0.0016032197259794115,-0.9924864823276319,FoVP,-0.07169457370868858,0.7006686820989757,2459564.4105066564
V1674 Her,4.963351327911822,0.2948617415379178,18:57:30.980,+16:53:39.600,2021-12-15T23:42:02.597,4,0.0018252659287727804,-0.9980287211246099,FoVF,-0.06893866985208198,0.7005376842685486,2459564.484511735
V1674 Her,4.963351327911822,0.2948617415379178,18:57:30.980,+16:53:39.600,2021-12-16T03:55:42.713,2,0.0024118889312953443,-1.011218678684119,FoVP,-0.06239462457891537,0.7001847424175708,2459564.6606649053
V1674 Her,4.963351327911822,0.2948617415379178,18:57:30.980,+16:53:39.600,2021-12-16T05:42:16.971,3,0.0026825769895487484,-1.016759042333383,FoVF,-0.05965212073201007,0.700019278590034,2459564.734670191
V1674 Her,4.963351327911822,0.2948617415379178,18:57:30.980,+16:53:39.600,2021-12-16T09:55:57.128,1,0.003384058455105737,-1.0299440821869643,FoVP,-0.05314072763063028,0.6995848166209174,2459564.910823897
V1674 Her,4.963351327911822,0.2948617415379178,18:57:30.980,+16:53:39.600,2021-12-16T11:42:31.405,2,0.0037026145294908543,-1.0354821936571255,FoVF,-0.05041225238897222,0.6993853263494307,2459564.9848294253
V1674 Her,4.963351327911822,0.2948617415379178,18:57:30.980,+16:53:39.600,2021-12-16T15:56:11.611,1,0.004517121394653021,-1.0486614442238205,FoVP,-0.043934969105699107,0.6988704106926342,2459565.160983751
V1674 Her,4.963351327911822,0.2948617415379178,18:57:30.980,+16:53:39.600,2021-12-16T17:42:45.910,2,0.004882779229505734,-1.0541969481500573,FoVF,-0.041221118421195524,0.6986373501533915,2459565.2349895574
V1674 Her,4.963351327911822,0.2948617415379178,18:57:30.980,+16:53:39.600,2021-12-16T23:43:00.495,1,0.006220498527652018,-1.072902151460692,FoVF,-0.03208065997836772,0.697776925529364,2459565.4851507046
V1674 Her,4.963351327911822,0.2948617415379178,18:57:30.980,+16:53:39.600,2022-02-20T03:56:26.386,2,0.001592876269748942,-2.1290395210356126,FoVP,-0.43601897627744246,0.7109280466707518,2459630.661989921
V1674 Her,4.963351327911822,0.2948617415379178,18:57:30.980,+16:53:39.600,2022-02-20T05:43:00.595,6,-0.001607848462843463,-2.133507283884282,FoVF,-0.4339435823011686,0.7127655096363038,2459630.7360009234
V1674 Her,4.963351327911822,0.2948617415379178,18:57:30.980,+16:53:39.600,2022-03-15T17:45:02.635,3,0.002367200307032699,2.5421342428181757,FoVF,0.6487795258676549,0.7157075330270195,2459654.2389010447
V1674 Her,4.963351327911822,0.2948617415379178,18:57:30.980,+16:53:39.600,2022-04-15T23:24:29.352,3,0.0025657661214569484,-2.576450059623583,FoVF,-0.7108213502375874,0.7255218308880403,2459685.476991655
V1674 Her,4.963351327911822,0.2948617415379178,18:57:30.980,+16:53:39.600,2022-05-26T08:41:05.513,3,0.0013103690949692857,1.8758565872742432,FoVP,0.4458721135599219,0.7244404360357722,2459725.8662331356
V1674 Her,4.963351327911822,0.2948617415379178,18:57:30.980,+16:53:39.600,2022-05-26T10:27:39.682,2,0.004565582866146152,1.879956816321385,FoVF,0.4418365706480906,0.7263809471319371,2459725.9402436116
V1674 Her,4.963351327911822,0.2948617415379178,18:57:30.980,+16:53:39.600,2022-06-06T08:47:58.972,3,0.0012110456209902059,2.6012028903133713,FoVP,-0.2743137525667567,0.7327803666122708,2459736.8715388034
V1674 Her,4.963351327911822,0.2948617415379178,18:57:30.980,+16:53:39.600,2022-06-06T10:34:33.185,6,-0.0018075853098689185,2.605458576249322,FoVF,-0.27825582712212205,0.7308070271359137,2459736.9455489796
V1674 Her,4.963351327911822,0.2948617415379178,18:57:30.980,+16:53:39.600,2022-09-14T13:37:00.374,7,-0.0033760631263321044,-0.5409715734549922,FoVF,0.6217655390498389,0.7124476976200302,2459837.070424703
V1674 Her,4.963351327911822,0.2948617415379178,18:57:30.980,+16:53:39.600,2022-10-08T23:42:56.333,1,0.0033247746052123576,0.6848215677900524,FoVP,-0.7097158948809121,0.705460746933679,2459861.489397308
V1674 Her,4.963351327911822,0.2948617415379178,18:57:30.980,+16:53:39.600,2022-10-09T01:29:30.543,6,-0.002033539628471987,0.6843067259449076,FoVF,-0.7099354166242589,0.7052582489189013,2459861.5633986583
V1674 Her,4.963351327911822,0.2948617415379178,18:57:30.980,+16:53:39.600,2022-11-07T19:11:54.456,7,-0.004536250850586941,-1.1546701115747742,FoVF,0.6043643052217611,0.7075978999244092,2459891.2989536193
V1674 Her,4.963351327911822,0.2948617415379178,18:57:30.980,+16:53:39.600,2023-03-03T05:06:40.348,1,0.0038849684795701825,-2.180748416666206,FoVP,-0.5544923330221909,0.7112953020006256,2460006.711411039
V1674 Her,4.963351327911822,0.2948617415379178,18:57:30.980,+16:53:39.600,2023-03-03T06:53:14.582,5,-1.0324900020317912E-4,-2.1844896873744246,FoVF,-0.552814839188767,0.7131424865604749,2460006.7854230283
V1674 Her,4.963351327911822,0.2948617415379178,18:57:30.980,+16:53:39.600,2023-03-30T16:58:37.829,1,0.003948926874499587,2.3286628714012583,FoVP,0.7114917529057075,0.7189209476153862,2460034.207779066
V1674 Her,4.963351327911822,0.2948617415379178,18:57:30.980,+16:53:39.600,2023-04-27T00:31:41.896,2,0.0049076234261565405,-2.7241489396700267,FoVF,-0.6766429945218886,0.7293322296355004,2460061.5244908254
V1674 Her,4.963351327911822,0.2948617415379178,18:57:30.980,+16:53:39.600,2023-06-10T09:37:44.844,7,-0.006723652110900528,1.8514734151110166,FoVP,0.2391381915675276,0.7228644445073391,2460105.9062660956
V1674 Her,4.963351327911822,0.2948617415379178,18:57:30.980,+16:53:39.600,2023-06-10T15:37:59.318,4,-0.0017651322663706295,1.8683814102392142,FoVP,0.22291900233536088,0.7264808010617506,2460106.156442949
V1674 Her,4.963351327911822,0.2948617415379178,18:57:30.980,+16:53:39.600,2023-06-10T17:24:33.546,5,-3.9664585841626564E-4,1.8734110687784462,FoVF,0.2180906735439289,0.7274887889565693,2460106.230452968
V1674 Her,4.963351327911822,0.2948617415379178,18:57:30.980,+16:53:39.600,2023-06-10T21:38:13.518,2,0.002678885058821598,1.8854304348654733,FoVP,0.20654591664341077,0.7297718494682429,2460106.4066165644
V1674 Her,4.963351327911822,0.2948617415379178,18:57:30.980,+16:53:39.600,2023-06-10T23:24:47.670,2,0.0038943058674106574,1.8904989127225318,FoVF,0.20167489532191762,0.7306814954658865,2460106.4806256825
V1674 Her,4.963351327911822,0.2948617415379178,18:57:30.980,+16:53:39.600,2023-06-14T17:28:08.039,1,0.005581414371961305,2.152515779089524,FoVF,-0.05008321285359355,0.7348282008838487,2460110.2330747694
V1674 Her,4.963351327911822,0.2948617415379178,18:57:30.980,+16:53:39.600,2023-06-14T21:41:47.882,2,0.002848724712826543,2.164606983403586,FoVP,-0.06155655787062781,0.7329779344047049,2460110.409236069
V1674 Her,4.963351327911822,0.2948617415379178,18:57:30.980,+16:53:39.600,2023-06-14T23:28:22.053,4,0.0016299188801965788,2.169670147201669,FoVF,-0.06635334167278373,0.7321490770975764,2460110.483245056
V1674 Her,4.963351327911822,0.2948617415379178,18:57:30.980,+16:53:39.600,2023-06-15T03:42:02.068,4,-0.001437922451758464,2.1816801159776933,FoVP,-0.07771257563802382,0.7300551689687413,2460110.6594082876
V1674 Her,4.963351327911822,0.2948617415379178,18:57:30.980,+16:53:39.600,2023-06-15T05:28:36.314,6,-0.0027962792985148075,2.1867074430866094,FoVF,-0.08245938040250564,0.7291252007454698,2460110.733418128
V1674 Her,4.963351327911822,0.2948617415379178,18:57:30.980,+16:53:39.600,2023-06-15T09:42:16.517,7,-0.0061932115195241595,2.198628182279067,FoVP,-0.09369506699455409,0.7267937399195468,2460110.9095834866
